timestep,speed
0.01,0
0.06,0
0.11,0
0.16,0
0.21,0
0.26,0
0.31,0
0.36,0
0.41,0
0.46,0
0.51,0
0.56,0
0.61,0
0.66,0
0.71,0
0.76,0
0.81,0
0.86,0
0.91,0
0.96,0
1.01,0
1.06,0
1.11,0
1.16,0
1.21,0
1.26,0
1.31,0
1.36,0
1.41,0
1.46,0
1.51,0
1.56,0
1.61,0
1.66,0
1.71,0
1.76,0
1.81,0
1.86,0
1.91,0
1.96,0
2.01,0
2.06,0
2.11,0
2.16,0
2.21,0
2.26,0
2.31,0
2.36,0
2.41,0
2.46,0
2.51,0
2.56,0
2.61,0
2.66,0
2.71,0
2.76,0
2.81,0
2.86,0
2.91,0
2.96,0
3.01,0
3.06,0
3.11,0
3.16,0
3.21,0
3.26,0
3.31,0
3.36,0
3.41,0
3.46,0
3.51,0
3.56,0
3.61,0
3.66,0
3.71,0
3.76,0
3.81,0
3.86,0
3.91,0
3.96,0
4.01,0
4.06,0
4.11,0
4.16,0
4.21,0
4.26,0
4.31,0
4.36,0
4.41,0
4.46,0
4.51,0
4.56,0
4.61,0
4.66,0
4.71,0
4.76,0
4.81,0
4.86,0
4.91,0
4.96,0
5.01,0
5.06,0
5.11,0
5.16,0
5.21,0
5.26,0
5.31,0
5.36,0
5.41,0
5.46,0
5.51,0
5.56,0
5.61,0
5.66,0
5.71,0
5.76,0
5.81,0
5.86,0
5.91,0
5.96,0
6.01,0
6.06,0
6.11,0
6.16,0
6.21,0
6.26,0
6.31,0
6.36,0
6.41,0
6.46,0
6.51,0
6.56,0
6.61,0
6.66,0
6.71,0
6.76,0
6.81,0
6.86,0
6.91,0
6.96,0
7.01,0
7.06,0
7.11,0
7.16,0
7.21,0
7.26,0
7.31,0
7.36,0
7.41,0
7.46,0
7.51,0
7.56,0
7.61,0
7.66,0
7.71,0
7.76,0
7.81,0
7.86,0
7.91,0
7.96,0
8.01,0
8.06,0
8.11,0
8.16,0
8.21,0
8.26,0
8.31,0
8.36,0
8.41,0
8.46,0
8.51,0
8.56,0
8.61,0
8.66,0
8.71,0
8.76,0
8.81,0
8.86,0
8.91,0
8.96,0
9.01,0
9.06,0
9.11,0
9.16,0
9.21,0
9.26,0
9.31,0
9.36,0
9.41,0
9.46,0
9.51,0
9.56,0
9.61,0
9.66,0
9.71,0
9.76,0
9.81,0
9.86,0
9.91,0
9.96,0
10.01,0
10.06,0
10.11,0
10.16,0
10.21,0
10.26,0
10.31,0
10.36,0
10.41,0
10.46,0
10.51,0
10.56,0
10.61,0
10.66,0
10.71,0
10.76,0
10.81,0
10.86,0
10.91,0
10.96,0
11.01,0
11.06,0
11.11,0
11.16,0
11.21,0
11.26,0
11.31,0
11.36,0
11.41,0
11.46,0
11.51,0
11.56,0
11.61,0
11.66,0
11.71,0
11.76,0
11.81,0
11.86,0
11.91,0
11.96,0
12.01,0
12.06,0
12.11,0
12.16,0
12.21,0
12.26,0
12.31,0
12.36,0
12.41,0
12.46,0
12.51,0
12.56,0
12.61,0
12.66,0
12.71,0
12.76,0
12.81,0
12.86,0
12.91,0
12.96,0
13.01,0
13.06,0
13.11,0
13.16,0
13.21,0
13.26,0
13.31,0
13.36,0
13.41,0
13.46,0
13.51,0
13.56,0
13.61,0
13.66,0
13.71,0
13.76,0
13.81,0
13.86,0
13.91,0
13.96,0
14.01,0
14.06,0
14.11,0
14.16,0
14.21,0
14.26,0
14.31,0
14.36,0
14.41,0
14.46,0
14.51,0
14.56,0
14.61,0
14.66,0
14.71,0
14.76,0
14.81,0
14.86,0
14.91,0
14.96,0
15.01,0
15.06,0
15.11,0
15.16,0
15.21,0
15.26,0
15.31,0
15.36,0
15.41,0
15.46,0
15.51,0
15.56,0
15.61,0
15.66,0
15.71,0
15.76,0
15.81,0
15.86,0
15.91,0
15.96,0
16.01,0
16.06,0
16.11,0
16.16,0
16.21,0
16.26,0
16.31,0
16.36,0
16.41,0
16.46,0
16.51,0
16.56,0
16.61,0
16.66,0
16.71,0
16.76,0
16.81,0
16.86,0
16.91,0
16.96,0
17.01,0
17.06,0
17.11,0
17.16,0
17.21,0
17.26,0
17.31,0
17.36,0
17.41,0
17.46,0
17.51,0
17.56,0
17.61,0
17.66,0
17.71,0
17.76,0
17.81,0
17.86,0
17.91,0
17.96,0
18.01,0
18.06,0
18.11,0
18.16,0
18.21,0
18.26,0
18.31,0
18.36,0
18.41,0
18.46,0
18.51,0
18.56,0
18.61,0
18.66,0
18.71,0
18.76,0
18.81,0
18.86,0
18.91,0
18.96,0
19.01,0
19.06,0
19.11,0
19.16,0
19.21,0
19.26,0
19.31,0
19.36,0
19.41,0
19.46,0
19.51,0
19.56,0
19.61,0
19.66,0
19.71,0
19.76,0
19.81,0
19.86,0
19.91,0
19.96,0
20.01,0
20.06,0
20.11,0
20.16,0
20.21,0
20.26,0
20.31,0
20.36,0
20.41,0
20.46,0
20.51,0
20.56,0
20.61,0
20.66,0
20.71,0
20.76,0
20.81,0
20.86,0
20.91,0
20.96,0
21.01,0
21.06,0
21.11,0
21.16,0
21.21,0
21.26,0
21.31,0
21.36,0
21.41,0
21.46,0
21.51,0
21.56,0
21.61,0
21.66,0
21.71,0
21.76,0
21.81,0
21.86,0
21.91,0
21.96,0
22.01,0
22.06,0
22.11,0
22.16,0
22.21,0
22.26,0
22.31,0
22.36,0
22.41,0
22.46,0
22.51,0
22.56,0
22.61,0
22.66,0
22.71,0
22.76,0
22.81,0
22.86,0
22.91,0
22.96,0
23.01,0
23.06,0
23.11,0
23.16,0
23.21,0
23.26,0
23.31,0
23.36,0
23.41,0
23.46,0
23.51,0
23.56,0
23.61,0
23.66,0
23.71,0
23.76,0
23.81,0
23.86,0
23.91,0
23.96,0
24.01,0
24.06,0
24.11,0
24.16,0
24.21,0
24.26,0
24.31,0
24.36,0
24.41,0
24.46,0
24.51,0
24.56,0
24.61,0
24.66,0
24.71,0
24.76,0
24.81,0
24.86,0
24.91,0
24.96,0
25.01,0
25.06,0
25.11,0
25.16,0
25.21,0
25.26,0
25.31,0
25.36,0
25.41,0
25.46,0
25.51,0
25.56,0
25.61,0
25.66,0
25.71,0
25.76,0
25.81,0
25.86,0
25.91,0
25.96,0
26.01,0
26.06,0
26.11,0
26.16,0
26.21,0
26.26,0
26.31,0
26.36,0
26.41,0
26.46,0
26.51,0
26.56,0
26.61,0
26.66,0
26.71,0
26.76,0
26.81,0
26.86,0
26.91,0
26.96,0
27.01,0
27.06,0
27.11,0
27.16,0
27.21,0
27.26,0
27.31,0
27.36,0
27.41,0
27.46,0
27.51,0
27.56,0
27.61,0
27.66,0
27.71,0
27.76,0
27.81,0
27.86,0
27.91,0
27.96,0
28.01,0
28.06,0
28.11,0
28.16,0
28.21,0
28.26,0
28.31,0
28.36,0
28.41,0
28.46,0
28.51,0
28.56,0
28.61,0
28.66,0
28.71,0
28.76,0
28.81,0
28.86,0
28.91,0
28.96,0
29.01,0
29.06,0
29.11,0
29.16,0
29.21,0
29.26,0
29.31,0
29.36,0
29.41,0
29.46,0
29.51,0
29.56,0
29.61,0
29.66,0
29.71,0
29.76,0
29.81,0
29.86,0
29.91,0
29.96,0
30.01,8.94
30.06,8.94
30.11,8.94
30.16,8.94
30.21,8.94
30.26,8.94
30.31,8.94
30.36,8.94
30.41,8.94
30.46,8.94
30.51,8.94
30.56,8.94
30.61,8.94
30.66,8.94
30.71,8.94
30.76,8.94
30.81,8.94
30.86,8.94
30.91,8.94
30.96,8.94
31.01,8.94
31.06,8.94
31.11,8.94
31.16,8.94
31.21,8.94
31.26,8.94
31.31,8.94
31.36,8.94
31.41,8.94
31.46,8.94
31.51,8.94
31.56,8.94
31.61,8.94
31.66,8.94
31.71,8.94
31.76,8.94
31.81,8.94
31.86,8.94
31.91,8.94
31.96,8.94
32.01,8.94
32.06,8.94
32.11,8.94
32.16,8.94
32.21,8.94
32.26,8.94
32.31,8.94
32.36,8.94
32.41,8.94
32.46,8.94
32.51,8.94
32.56,8.94
32.61,8.94
32.66,8.94
32.71,8.94
32.76,8.94
32.81,8.94
32.86,8.94
32.91,8.94
32.96,8.94
33.01,8.94
33.06,8.94
33.11,8.94
33.16,8.94
33.21,8.94
33.26,8.94
33.31,8.94
33.36,8.94
33.41,8.94
33.46,8.94
33.51,8.94
33.56,8.94
33.61,8.94
33.66,8.94
33.71,8.94
33.76,8.94
33.81,8.94
33.86,8.94
33.91,8.94
33.96,8.94
34.01,8.94
34.06,8.94
34.11,8.94
34.16,8.94
34.21,8.94
34.26,8.94
34.31,8.94
34.36,8.94
34.41,8.94
34.46,8.94
34.51,8.94
34.56,8.94
34.61,8.94
34.66,8.94
34.71,8.94
34.76,8.94
34.81,8.94
34.86,8.94
34.91,8.94
34.96,8.94
35.01,8.94
35.06,8.94
35.11,8.94
35.16,8.94
35.21,8.94
35.26,8.94
35.31,8.94
35.36,8.94
35.41,8.94
35.46,8.94
35.51,8.94
35.56,8.94
35.61,8.94
35.66,8.94
35.71,8.94
35.76,8.94
35.81,8.94
35.86,8.94
35.91,8.94
35.96,8.94
36.01,8.94
36.06,8.94
36.11,8.94
36.16,8.94
36.21,8.94
36.26,8.94
36.31,8.94
36.36,8.94
36.41,8.94
36.46,8.94
36.51,8.94
36.56,8.94
36.61,8.94
36.66,8.94
36.71,8.94
36.76,8.94
36.81,8.94
36.86,8.94
36.91,8.94
36.96,8.94
37.01,8.94
37.06,8.94
37.11,8.94
37.16,8.94
37.21,8.94
37.26,8.94
37.31,8.94
37.36,8.94
37.41,8.94
37.46,8.94
37.51,8.94
37.56,8.94
37.61,8.94
37.66,8.94
37.71,8.94
37.76,8.94
37.81,8.94
37.86,8.94
37.91,8.94
37.96,8.94
38.01,8.94
38.06,8.94
38.11,8.94
38.16,8.94
38.21,8.94
38.26,8.94
38.31,8.94
38.36,8.94
38.41,8.94
38.46,8.94
38.51,8.94
38.56,8.94
38.61,8.94
38.66,8.94
38.71,8.94
38.76,8.94
38.81,8.94
38.86,8.94
38.91,8.94
38.96,8.94
39.01,8.94
39.06,8.94
39.11,8.94
39.16,8.94
39.21,8.94
39.26,8.94
39.31,8.94
39.36,8.94
39.41,8.94
39.46,8.94
39.51,8.94
39.56,8.94
39.61,8.94
39.66,8.94
39.71,8.94
39.76,8.94
39.81,8.94
39.86,8.94
39.91,8.94
39.96,8.94
40.01,8.94
40.06,8.94
40.11,8.94
40.16,8.94
40.21,8.94
40.26,8.94
40.31,8.94
40.36,8.94
40.41,8.94
40.46,8.94
40.51,8.94
40.56,8.94
40.61,8.94
40.66,8.94
40.71,8.94
40.76,8.94
40.81,8.94
40.86,8.94
40.91,8.94
40.96,8.94
41.01,8.94
41.06,8.94
41.11,8.94
41.16,8.94
41.21,8.94
41.26,8.94
41.31,8.94
41.36,8.94
41.41,8.94
41.46,8.94
41.51,8.94
41.56,8.94
41.61,8.94
41.66,8.94
41.71,8.94
41.76,8.94
41.81,8.94
41.86,8.94
41.91,8.94
41.96,8.94
42.01,8.94
42.06,8.94
42.11,8.94
42.16,8.94
42.21,8.94
42.26,8.94
42.31,8.94
42.36,8.94
42.41,8.94
42.46,8.94
42.51,8.94
42.56,8.94
42.61,8.94
42.66,8.94
42.71,8.94
42.76,8.94
42.81,8.94
42.86,8.94
42.91,8.94
42.96,8.94
43.01,8.94
43.06,8.94
43.11,8.94
43.16,8.94
43.21,8.94
43.26,8.94
43.31,8.94
43.36,8.94
43.41,8.94
43.46,8.94
43.51,8.94
43.56,8.94
43.61,8.94
43.66,8.94
43.71,8.94
43.76,8.94
43.81,8.94
43.86,8.94
43.91,8.94
43.96,8.94
44.01,8.94
44.06,8.94
44.11,8.94
44.16,8.94
44.21,8.94
44.26,8.94
44.31,8.94
44.36,8.94
44.41,8.94
44.46,8.94
44.51,8.94
44.56,8.94
44.61,8.94
44.66,8.94
44.71,8.94
44.76,8.94
44.81,8.94
44.86,8.94
44.91,8.94
44.96,8.94
45.01,8.94
45.06,8.94
45.11,8.94
45.16,8.94
45.21,8.94
45.26,8.94
45.31,8.94
45.36,8.94
45.41,8.94
45.46,8.94
45.51,8.94
45.56,8.94
45.61,8.94
45.66,8.94
45.71,8.94
45.76,8.94
45.81,8.94
45.86,8.94
45.91,8.94
45.96,8.94
46.01,8.94
46.06,8.94
46.11,8.94
46.16,8.94
46.21,8.94
46.26,8.94
46.31,8.94
46.36,8.94
46.41,8.94
46.46,8.94
46.51,8.94
46.56,8.94
46.61,8.94
46.66,8.94
46.71,8.94
46.76,8.94
46.81,8.94
46.86,8.94
46.91,8.94
46.96,8.94
47.01,8.94
47.06,8.94
47.11,8.94
47.16,8.94
47.21,8.94
47.26,8.94
47.31,8.94
47.36,8.94
47.41,8.94
47.46,8.94
47.51,8.94
47.56,8.94
47.61,8.94
47.66,8.94
47.71,8.94
47.76,8.94
47.81,8.94
47.86,8.94
47.91,8.94
47.96,8.94
48.01,8.94
48.06,8.94
48.11,8.94
48.16,8.94
48.21,8.94
48.26,8.94
48.31,8.94
48.36,8.94
48.41,8.94
48.46,8.94
48.51,8.94
48.56,8.94
48.61,8.94
48.66,8.94
48.71,8.94
48.76,8.94
48.81,8.94
48.86,8.94
48.91,8.94
48.96,8.94
49.01,8.94
49.06,8.94
49.11,8.94
49.16,8.94
49.21,8.94
49.26,8.94
49.31,8.94
49.36,8.94
49.41,8.94
49.46,8.94
49.51,8.94
49.56,8.94
49.61,8.94
49.66,8.94
49.71,8.94
49.76,8.94
49.81,8.94
49.86,8.94
49.91,8.94
49.96,8.94
50.01,8.94
50.06,8.94
50.11,8.94
50.16,8.94
50.21,8.94
50.26,8.94
50.31,8.94
50.36,8.94
50.41,8.94
50.46,8.94
50.51,8.94
50.56,8.94
50.61,8.94
50.66,8.94
50.71,8.94
50.76,8.94
50.81,8.94
50.86,8.94
50.91,8.94
50.96,8.94
51.01,8.94
51.06,8.94
51.11,8.94
51.16,8.94
51.21,8.94
51.26,8.94
51.31,8.94
51.36,8.94
51.41,8.94
51.46,8.94
51.51,8.94
51.56,8.94
51.61,8.94
51.66,8.94
51.71,8.94
51.76,8.94
51.81,8.94
51.86,8.94
51.91,8.94
51.96,8.94
52.01,8.94
52.06,8.94
52.11,8.94
52.16,8.94
52.21,8.94
52.26,8.94
52.31,8.94
52.36,8.94
52.41,8.94
52.46,8.94
52.51,8.94
52.56,8.94
52.61,8.94
52.66,8.94
52.71,8.94
52.76,8.94
52.81,8.94
52.86,8.94
52.91,8.94
52.96,8.94
53.01,8.94
53.06,8.94
53.11,8.94
53.16,8.94
53.21,8.94
53.26,8.94
53.31,8.94
53.36,8.94
53.41,8.94
53.46,8.94
53.51,8.94
53.56,8.94
53.61,8.94
53.66,8.94
53.71,8.94
53.76,8.94
53.81,8.94
53.86,8.94
53.91,8.94
53.96,8.94
54.01,8.94
54.06,8.94
54.11,8.94
54.16,8.94
54.21,8.94
54.26,8.94
54.31,8.94
54.36,8.94
54.41,8.94
54.46,8.94
54.51,8.94
54.56,8.94
54.61,8.94
54.66,8.94
54.71,8.94
54.76,8.94
54.81,8.94
54.86,8.94
54.91,8.94
54.96,8.94
55.01,8.94
55.06,8.94
55.11,8.94
55.16,8.94
55.21,8.94
55.26,8.94
55.31,8.94
55.36,8.94
55.41,8.94
55.46,8.94
55.51,8.94
55.56,8.94
55.61,8.94
55.66,8.94
55.71,8.94
55.76,8.94
55.81,8.94
55.86,8.94
55.91,8.94
55.96,8.94
56.01,8.94
56.06,8.94
56.11,8.94
56.16,8.94
56.21,8.94
56.26,8.94
56.31,8.94
56.36,8.94
56.41,8.94
56.46,8.94
56.51,8.94
56.56,8.94
56.61,8.94
56.66,8.94
56.71,8.94
56.76,8.94
56.81,8.94
56.86,8.94
56.91,8.94
56.96,8.94
57.01,8.94
57.06,8.94
57.11,8.94
57.16,8.94
57.21,8.94
57.26,8.94
57.31,8.94
57.36,8.94
57.41,8.94
57.46,8.94
57.51,8.94
57.56,8.94
57.61,8.94
57.66,8.94
57.71,8.94
57.76,8.94
57.81,8.94
57.86,8.94
57.91,8.94
57.96,8.94
58.01,8.94
58.06,8.94
58.11,8.94
58.16,8.94
58.21,8.94
58.26,8.94
58.31,8.94
58.36,8.94
58.41,8.94
58.46,8.94
58.51,8.94
58.56,8.94
58.61,8.94
58.66,8.94
58.71,8.94
58.76,8.94
58.81,8.94
58.86,8.94
58.91,8.94
58.96,8.94
59.01,8.94
59.06,8.94
59.11,8.94
59.16,8.94
59.21,8.94
59.26,8.94
59.31,8.94
59.36,8.94
59.41,8.94
59.46,8.94
59.51,8.94
59.56,8.94
59.61,8.94
59.66,8.94
59.71,8.94
59.76,8.94
59.81,8.94
59.86,8.94
59.91,8.94
59.96,8.94
60.01,8.94
60.06,8.94
60.11,8.94
60.16,8.94
60.21,8.94
60.26,8.94
60.31,8.94
60.36,8.94
60.41,8.94
60.46,8.94
60.51,8.94
60.56,8.94
60.61,8.94
60.66,8.94
60.71,8.94
60.76,8.94
60.81,8.94
60.86,8.94
60.91,8.94
60.96,8.94
61.01,8.94
61.06,8.94
61.11,8.94
61.16,8.94
61.21,8.94
61.26,8.94
61.31,8.94
61.36,8.94
61.41,8.94
61.46,8.94
61.51,8.94
61.56,8.94
61.61,8.94
61.66,8.94
61.71,8.94
61.76,8.94
61.81,8.94
61.86,8.94
61.91,8.94
61.96,8.94
62.01,8.94
62.06,8.94
62.11,8.94
62.16,8.94
62.21,8.94
62.26,8.94
62.31,8.94
62.36,8.94
62.41,8.94
62.46,8.94
62.51,8.94
62.56,8.94
62.61,8.94
62.66,8.94
62.71,8.94
62.76,8.94
62.81,8.94
62.86,8.94
62.91,8.94
62.96,8.94
63.01,8.94
63.06,8.94
63.11,8.94
63.16,8.94
63.21,8.94
63.26,8.94
63.31,8.94
63.36,8.94
63.41,8.94
63.46,8.94
63.51,8.94
63.56,8.94
63.61,8.94
63.66,8.94
63.71,8.94
63.76,8.94
63.81,8.94
63.86,8.94
63.91,8.94
63.96,8.94
64.01,8.94
64.06,8.94
64.11,8.94
64.16,8.94
64.21,8.94
64.26,8.94
64.31,8.94
64.36,8.94
64.41,8.94
64.46,8.94
64.51,8.94
64.56,8.94
64.61,8.94
64.66,8.94
64.71,8.94
64.76,8.94
64.81,8.94
64.86,8.94
64.91,8.94
64.96,8.94
65.01,8.94
65.06,8.94
65.11,8.94
65.16,8.94
65.21,8.94
65.26,8.94
65.31,8.94
65.36,8.94
65.41,8.94
65.46,8.94
65.51,8.94
65.56,8.94
65.61,8.94
65.66,8.94
65.71,8.94
65.76,8.94
65.81,8.94
65.86,8.94
65.91,8.94
65.96,8.94
66.01,8.94
66.06,8.94
66.11,8.94
66.16,8.94
66.21,8.94
66.26,8.94
66.31,8.94
66.36,8.94
66.41,8.94
66.46,8.94
66.51,8.94
66.56,8.94
66.61,8.94
66.66,8.94
66.71,8.94
66.76,8.94
66.81,8.94
66.86,8.94
66.91,8.94
66.96,8.94
67.01,8.94
67.06,8.94
67.11,8.94
67.16,8.94
67.21,8.94
67.26,8.94
67.31,8.94
67.36,8.94
67.41,8.94
67.46,8.94
67.51,8.94
67.56,8.94
67.61,8.94
67.66,8.94
67.71,8.94
67.76,8.94
67.81,8.94
67.86,8.94
67.91,8.94
67.96,8.94
68.01,8.94
68.06,8.94
68.11,8.94
68.16,8.94
68.21,8.94
68.26,8.94
68.31,8.94
68.36,8.94
68.41,8.94
68.46,8.94
68.51,8.94
68.56,8.94
68.61,8.94
68.66,8.94
68.71,8.94
68.76,8.94
68.81,8.94
68.86,8.94
68.91,8.94
68.96,8.94
69.01,8.94
69.06,8.94
69.11,8.94
69.16,8.94
69.21,8.94
69.26,8.94
69.31,8.94
69.36,8.94
69.41,8.94
69.46,8.94
69.51,8.94
69.56,8.94
69.61,8.94
69.66,8.94
69.71,8.94
69.76,8.94
69.81,8.94
69.86,8.94
69.91,8.94
69.96,8.94
70.01,8.94
70.06,8.94
70.11,8.94
70.16,8.94
70.21,8.94
70.26,8.94
70.31,8.94
70.36,8.94
70.41,8.94
70.46,8.94
70.51,8.94
70.56,8.94
70.61,8.94
70.66,8.94
70.71,8.94
70.76,8.94
70.81,8.94
70.86,8.94
70.91,8.94
70.96,8.94
71.01,8.94
71.06,8.94
71.11,8.94
71.16,8.94
71.21,8.94
71.26,8.94
71.31,8.94
71.36,8.94
71.41,8.94
71.46,8.94
71.51,8.94
71.56,8.94
71.61,8.94
71.66,8.94
71.71,8.94
71.76,8.94
71.81,8.94
71.86,8.94
71.91,8.94
71.96,8.94
72.01,8.94
72.06,8.94
72.11,8.94
72.16,8.94
72.21,8.94
72.26,8.94
72.31,8.94
72.36,8.94
72.41,8.94
72.46,8.94
72.51,8.94
72.56,8.94
72.61,8.94
72.66,8.94
72.71,8.94
72.76,8.94
72.81,8.94
72.86,8.94
72.91,8.94
72.96,8.94
73.01,8.94
73.06,8.94
73.11,8.94
73.16,8.94
73.21,8.94
73.26,8.94
73.31,8.94
73.36,8.94
73.41,8.94
73.46,8.94
73.51,8.94
73.56,8.94
73.61,8.94
73.66,8.94
73.71,8.94
73.76,8.94
73.81,8.94
73.86,8.94
73.91,8.94
73.96,8.94
74.01,8.94
74.06,8.94
74.11,8.94
74.16,8.94
74.21,8.94
74.26,8.94
74.31,8.94
74.36,8.94
74.41,8.94
74.46,8.94
74.51,8.94
74.56,8.94
74.61,8.94
74.66,8.94
74.71,8.94
74.76,8.94
74.81,8.94
74.86,8.94
74.91,8.94
74.96,8.94
75.01,8.94
75.06,8.94
75.11,8.94
75.16,8.94
75.21,8.94
75.26,8.94
75.31,8.94
75.36,8.94
75.41,8.94
75.46,8.94
75.51,8.94
75.56,8.94
75.61,8.94
75.66,8.94
75.71,8.94
75.76,8.94
75.81,8.94
75.86,8.94
75.91,8.94
75.96,8.94
76.01,8.94
76.06,8.94
76.11,8.94
76.16,8.94
76.21,8.94
76.26,8.94
76.31,8.94
76.36,8.94
76.41,8.94
76.46,8.94
76.51,8.94
76.56,8.94
76.61,8.94
76.66,8.94
76.71,8.94
76.76,8.94
76.81,8.94
76.86,8.94
76.91,8.94
76.96,8.94
77.01,8.94
77.06,8.94
77.11,8.94
77.16,8.94
77.21,8.94
77.26,8.94
77.31,8.94
77.36,8.94
77.41,8.94
77.46,8.94
77.51,8.94
77.56,8.94
77.61,8.94
77.66,8.94
77.71,8.94
77.76,8.94
77.81,8.94
77.86,8.94
77.91,8.94
77.96,8.94
78.01,8.94
78.06,8.94
78.11,8.94
78.16,8.94
78.21,8.94
78.26,8.94
78.31,8.94
78.36,8.94
78.41,8.94
78.46,8.94
78.51,8.94
78.56,8.94
78.61,8.94
78.66,8.94
78.71,8.94
78.76,8.94
78.81,8.94
78.86,8.94
78.91,8.94
78.96,8.94
79.01,8.94
79.06,8.94
79.11,8.94
79.16,8.94
79.21,8.94
79.26,8.94
79.31,8.94
79.36,8.94
