timestep,speed,
0,0,0
0.1,0,0
0.2,0,0
0.3,0,0
0.4,0,0
0.5,0,0
0.6,0,0
0.7,0,0
0.8,0,0
0.9,0,0
1,0,0
1.1,0,0
1.2,0,0
1.3,0,0
1.4,0,0
1.5,0,0
1.6,0,0
1.7,0,0
1.8,0,0
1.9,0,0
2,0,0
2.1,0,0
2.2,0,0
2.3,0,0
2.4,0,0
2.5,0,0
2.6,0,0
2.7,0,0
2.8,0,0
2.9,0,0
3,0,0
3.1,0,0
3.2,0,0
3.3,0,0
3.4,0,0
3.5,0,0
3.6,0,0
3.7,0,0
3.8,0,0
3.9,0,0
4,0,0
4.1,0,0
4.2,0,0
4.3,0,0
4.4,0,0
4.5,0,0
4.6,0,0
4.7,0,0
4.8,0,0
4.9,0,0
5,0,0
5.1,0,0
5.2,0,0
5.3,0,0
5.4,0,0
5.5,0,0
5.6,0,0
5.7,0,0
5.8,0,0
5.9,0,0
6,0,0
6.1,0,0
6.2,0,0
6.3,0,0
6.4,0,0
6.5,0,0
6.6,0,0
6.7,0,0
6.8,0,0
6.9,0,0
7,0,0
7.1,0,0
7.2,0,0
7.3,0,0
7.4,0,0
7.5,0,0
7.6,0,0
7.7,0,0
7.8,0,0
7.9,0,0
8,0,0
8.1,0,0
8.2,0,0
8.3,0,0
8.4,0,0
8.5,0,0
8.6,0,0
8.7,0,0
8.8,0,0
8.9,0,0
9,0,0
9.1,0,0
9.2,0,0
9.3,0,0
9.4,0,0
9.5,0,0
9.6,0,0
9.7,0,0
9.8,0,0
9.9,0,0
10,0,0
10.1,0,0
10.2,0,0
10.3,0,0
10.4,0,0
10.5,0,0
10.6,0,0
10.7,0,0
10.8,0,0
10.9,0,0
11,0,0
11.1,0,0
11.2,0,0
11.3,0,0
11.4,0,0
11.5,0,0
11.6,0,0
11.7,0,0
11.8,0,0
11.9,0,0
12,0,0
12.1,0,0
12.2,0,0
12.3,0,0
12.4,0,0
12.5,0,0
12.6,0,0
12.7,0,0
12.8,0,0
12.9,0,0
13,0,0
13.1,0,0
13.2,0,0
13.3,0,0
13.4,0,0
13.5,0,0
13.6,0,0
13.7,0,0
13.8,0,0
13.9,0,0
14,0,0
14.1,0,0
14.2,0,0
14.3,0,0
14.4,0,0
14.5,0,0
14.6,0,0
14.7,0,0
14.8,0,0
14.9,0,0
15,0,0
15.1,0,0
15.2,0,0
15.3,0,0
15.4,0,0
15.5,0,0
15.6,0,0
15.7,0,0
15.8,0,0
15.9,0,0
16,0,0
16.1,0,0
16.2,0,0
16.3,0,0
16.4,0,0
16.5,0,0
16.6,0,0
16.7,0,0
16.8,0,0
16.9,0,0
17,0,0
17.1,0,0
17.2,0,0
17.3,0,0
17.4,0,0
17.5,0,0
17.6,0,0
17.7,0,0
17.8,0,0
17.9,0,0
18,0,0
18.1,0,0
18.2,0,0
18.3,0,0
18.4,0,0
18.5,0,0
18.6,0,0
18.7,0,0
18.8,0,0
18.9,0,0
19,0,0
19.1,0,0
19.2,0,0
19.3,0,0
19.4,0,0
19.5,0,0
19.6,0,0
19.7,0,0
19.8,0,0
19.9,0,0
20,0,0
20.1,0,0
20.2,0,0
20.3,0,0
20.4,0,0
20.5,0,0
20.6,0,0
20.7,0,0
20.8,0,0
20.9,0,0
21,0,0
21.1,0,0
21.2,0,0
21.3,0,0
21.4,0,0
21.5,0,0
21.6,0,0
21.7,0,0
21.8,0,0
21.9,0,0
22,0,0
22.1,0,0
22.2,0,0
22.3,0,0
22.4,0,0
22.5,0,0
22.6,0,0
22.7,0,0
22.8,0,0
22.9,0,0
23,0,0
23.1,0,0
23.2,0,0
23.3,0,0
23.4,0,0
23.5,0,0
23.6,0,0
23.7,0,0
23.8,0,0
23.9,0,0
24,0,0
24.1,0,0
24.2,0,0
24.3,0,0
24.4,0,0
24.5,0,0
24.6,0,0
24.7,0,0
24.8,0,0
24.9,0,0
25,0,0
25.1,0,0
25.2,0,0
25.3,0,0
25.4,0,0
25.5,0,0
25.6,0,0
25.7,0,0
25.8,0,0
25.9,0,0
26,0,0
26.1,0,0
26.2,0,0
26.3,0,0
26.4,0,0
26.5,0,0
26.6,0,0
26.7,0,0
26.8,0,0
26.9,0,0
27,0,0
27.1,0,0
27.2,0,0
27.3,0,0
27.4,0,0
27.5,0,0
27.6,0,0
27.7,0,0
27.8,0,0
27.9,0,0
28,0,0
28.1,0,0
28.2,0,0
28.3,0,0
28.4,0,0
28.5,0,0
28.6,0,0
28.7,0,0
28.8,0,0
28.9,0,0
29,0,0
29.1,0,0
29.2,0,0
29.3,0,0
29.4,0,0
29.5,0,0
29.6,0,0
29.7,0,0
29.8,0,0
29.9,0,0
30,0,0
30.1,0,0
30.2,0,0
30.3,0,0
30.4,0,0
30.5,0,0
30.6,0,0
30.7,0,0
30.8,0,0
30.9,0,0
31,0,0
31.1,0,0
31.2,0,0
31.3,0,0
31.4,0,0
31.5,0,0
31.6,0,0
31.7,0,0
31.8,0,0
31.9,0,0
32,0,0
32.1,0,0
32.2,0,0
32.3,0,0
32.4,0,0
32.5,0,0
32.6,0,0
32.7,0,0
32.8,0,0
32.9,0,0
33,0,0
33.1,0,0
33.2,0,0
33.3,0,0
33.4,0,0
33.5,0,0
33.6,0,0
33.7,0,0
33.8,0,0
33.9,0,0
34,0,0
34.1,0,0
34.2,0,0
34.3,0,0
34.4,0,0
34.5,0,0
34.6,0,0
34.7,0,0
34.8,0,0
34.9,0,0
35,0,0
35.1,0,0
35.2,0,0
35.3,0,0
35.4,0,0
35.5,0,0
35.6,0,0
35.7,0,0
35.8,0,0
35.9,0,0
36,0,0
36.1,0,0
36.2,0,0
36.3,0,0
36.4,0,0
36.5,0,0
36.6,0,0
36.7,0,0
36.8,0,0
36.9,0,0
37,0,0
37.1,0,0
37.2,0,0
37.3,0,0
37.4,0,0
37.5,0,0
37.6,0,0
37.7,0,0
37.8,0,0
37.9,0,0
38,0,0
38.1,0,0
38.2,0,0
38.3,0,0
38.4,0,0
38.5,0,0
38.6,0,0
38.7,0,0
38.8,0,0
38.9,0,0
39,0,0
39.1,0,0
39.2,0,0
39.3,0,0
39.4,0,0
39.5,0,0
39.6,0,0
39.7,0,0
39.8,0,0
39.9,0,0
40,0,0
40.1,0,0
40.2,0,0
40.3,0,0
40.4,0,0
40.5,0,0
40.6,0,0
40.7,0,0
40.8,0,0
40.9,0,0
41,0,0
41.1,0,0
41.2,0,0
41.3,0,0
41.4,0,0
41.5,0,0
41.6,0,0
41.7,0,0
41.8,0,0
41.9,0,0
42,0,0
42.1,0,0
42.2,0,0
42.3,0,0
42.4,0,0
42.5,0,0
42.6,0,0
42.7,0,0
42.8,0,0
42.9,0,0
43,0,0
43.1,0,0
43.2,0,0
43.3,0,0
43.4,0,0
43.5,0,0
43.6,0,0
43.7,0,0
43.8,0,0
43.9,0,0
44,0,0
44.1,0,0
44.2,0,0
44.3,0,0
44.4,0,0
44.5,0,0
44.6,0,0
44.7,0,0
44.8,0,0
44.9,0,0
45,0,0
45.1,0,0
45.2,0,0
45.3,0,0
45.4,0,0
45.5,0,0
45.6,0,0
45.7,0,0
45.8,0,0
45.9,0,0
46,0,0
46.1,0,0
46.2,0,0
46.3,0,0
46.4,0,0
46.5,0,0
46.6,0,0
46.7,0,0
46.8,0,0
46.9,0,0
47,0,0
47.1,0,0
47.2,0,0
47.3,0,0
47.4,0,0
47.5,0,0
47.6,0,0
47.7,0,0
47.8,0,0
47.9,0,0
48,0,0
48.1,0.0357632000000005,0.00357632000000005
48.2,0.071526400000001,0.0071526400000001
48.3,0.107289600000002,0.0107289600000002
48.4,0.143052800000002,0.0143052800000002
48.5,0.178816,0.0178816
48.6,0.2145792,0.02145792
48.7,0.250342400000001,0.0250342400000001
48.8,0.286105600000002,0.0286105600000002
48.9,0.321868800000002,0.0321868800000002
49,0.357632,0.0357632
49.1,0.733145600000005,0.0733145600000005
49.2,1.10865920000001,0.110865920000001
49.3,1.48417280000002,0.148417280000002
49.4,1.85968640000002,0.185968640000002
49.5,2.2352,0.22352
49.6,2.6107136,0.26107136
49.7,2.98622720000001,0.298622720000001
49.8,3.36174080000002,0.336174080000002
49.9,3.73725440000002,0.373725440000002
50,4.112768,0.4112768
50.1,4.3675808,0.43675808
50.2,4.62239360000001,0.462239360000001
50.3,4.87720640000001,0.487720640000001
50.4,5.13201920000001,0.513201920000001
50.5,5.386832,0.5386832
50.6,5.6416448,0.56416448
50.7,5.89645760000001,0.589645760000001
50.8,6.15127040000001,0.615127040000001
50.9,6.40608320000002,0.640608320000002
51,6.660896,0.6660896
51.1,6.8084192,0.68084192
51.2,6.9559424,0.69559424
51.3,7.10346560000001,0.710346560000001
51.4,7.25098880000001,0.725098880000001
51.5,7.398512,0.7398512
51.6,7.5460352,0.75460352
51.7,7.6935584,0.76935584
51.8,7.84108160000001,0.784108160000001
51.9,7.98860480000001,0.798860480000001
52,8.136128,0.8136128
52.1,8.314944,0.8314944
52.2,8.49376000000001,0.849376000000001
52.3,8.67257600000001,0.867257600000001
52.4,8.85139200000001,0.885139200000001
52.5,9.030208,0.9030208
52.6,9.209024,0.9209024
52.7,9.38784,0.938784
52.8,9.56665600000001,0.956665600000001
52.9,9.74547200000001,0.974547200000001
53,9.924288,0.9924288
53.1,10.147808,1.0147808
53.2,10.371328,1.0371328
53.3,10.594848,1.0594848
53.4,10.818368,1.0818368
53.5,11.041888,1.1041888
53.6,11.265408,1.1265408
53.7,11.488928,1.1488928
53.8,11.712448,1.1712448
53.9,11.935968,1.1935968
54,12.159488,1.2159488
54.1,12.3472448,1.23472448
54.2,12.5350016,1.25350016
54.3,12.7227584,1.27227584
54.4,12.9105152,1.29105152
54.5,13.098272,1.3098272
54.6,13.2860288,1.32860288
54.7,13.4737856,1.34737856
54.8,13.6615424,1.36615424
54.9,13.8492992,1.38492992
55,14.037056,1.4037056
55.1,14.1443456,1.41443456
55.2,14.2516352,1.42516352
55.3,14.3589248,1.43589248
55.4,14.4662144,1.44662144
55.5,14.573504,1.4573504
55.6,14.6807936,1.46807936
55.7,14.7880832,1.47880832
55.8,14.8953728,1.48953728
55.9,15.0026624,1.50026624
56,15.109952,1.5109952
56.1,15.2619456,1.52619456
56.2,15.4139392,1.54139392
56.3,15.5659328,1.55659328
56.4,15.7179264,1.57179264
56.5,15.86992,1.586992
56.6,16.0219136,1.60219136
56.7,16.1739072,1.61739072
56.8,16.3259008,1.63259008
56.9,16.4778944,1.64778944
57,16.629888,1.6629888
57.1,16.7908224,1.67908224
57.2,16.9517568,1.69517568
57.3,17.1126912,1.71126912
57.4,17.2736256,1.72736256
57.5,17.43456,1.743456
57.6,17.5954944,1.75954944
57.7,17.7564288,1.77564288
57.8,17.9173632,1.79173632
57.9,18.0782976,1.80782976
58,18.239232,1.8239232
58.1,18.3822848,1.83822848
58.2,18.5253376,1.85253376
58.3,18.6683904,1.86683904
58.4,18.8114432,1.88114432
58.5,18.954496,1.8954496
58.6,19.0975488,1.90975488
58.7,19.2406016,1.92406016
58.8,19.3836544,1.93836544
58.9,19.5267072,1.95267072
59,19.66976,1.966976
59.1,19.7725792,1.97725792
59.2,19.8753984,1.98753984
59.3,19.9782176,1.99782176
59.4,20.0810368,2.00810368
59.5,20.183856,2.0183856
59.6,20.2866752,2.02866752
59.7,20.3894944,2.03894944
59.8,20.4923136,2.04923136
59.9,20.5951328,2.05951328
60,20.697952,2.0697952
60.1,20.7560672,2.07560672
60.2,20.8141824,2.08141824
60.3,20.8722976,2.08722976
60.4,20.9304128,2.09304128
60.5,20.988528,2.0988528
60.6,21.0466432,2.10466432
60.7,21.1047584,2.11047584
60.8,21.1628736,2.11628736
60.9,21.2209888,2.12209888
61,21.279104,2.1279104
61.1,21.3640416,2.13640416
61.2,21.4489792,2.14489792
61.3,21.5339168,2.15339168
61.4,21.6188544,2.16188544
61.5,21.703792,2.1703792
61.6,21.7887296,2.17887296
61.7,21.8736672,2.18736672
61.8,21.9586048,2.19586048
61.9,22.0435424,2.20435424
62,22.12848,2.212848
62.1,22.2044768,2.22044768
62.2,22.2804736,2.22804736
62.3,22.3564704,2.23564704
62.4,22.4324672,2.24324672
62.5,22.508464,2.2508464
62.6,22.5844608,2.25844608
62.7,22.6604576,2.26604576
62.8,22.7364544,2.27364544
62.9,22.8124512,2.28124512
63,22.888448,2.2888448
63.1,22.9689152,2.29689152
63.2,23.0493824,2.30493824
63.3,23.1298496,2.31298496
63.4,23.2103168,2.32103168
63.5,23.290784,2.3290784
63.6,23.3712512,2.33712512
63.7,23.4517184,2.34517184
63.8,23.5321856,2.35321856
63.9,23.6126528,2.36126528
64,23.69312,2.369312
64.1,23.7557056,2.37557056
64.2,23.8182912,2.38182912
64.3,23.8808768,2.38808768
64.4,23.9434624,2.39434624
64.5,24.006048,2.4006048
64.6,24.0686336,2.40686336
64.7,24.1312192,2.41312192
64.8,24.1938048,2.41938048
64.9,24.2563904,2.42563904
65,24.318976,2.4318976
65.1,24.3726208,2.43726208
65.2,24.4262656,2.44262656
65.3,24.4799104,2.44799104
65.4,24.5335552,2.45335552
65.5,24.5872,2.45872
65.6,24.6408448,2.46408448
65.7,24.6944896,2.46944896
65.8,24.7481344,2.47481344
65.9,24.8017792,2.48017792
66,24.855424,2.4855424
66.1,24.8911872,2.48911872
66.2,24.9269504,2.49269504
66.3,24.9627136,2.49627136
66.4,24.9984768,2.49984768
66.5,25.03424,2.503424
66.6,25.0700032,2.50700032
66.7,25.1057664,2.51057664
66.8,25.1415296,2.51415296
66.9,25.1772928,2.51772928
67,25.213056,2.5213056
67.1,25.1996448,2.51996448
67.2,25.1862336,2.51862336
67.3,25.1728224,2.51728224
67.4,25.1594112,2.51594112
67.5,25.146,2.5146
67.6,25.1325888,2.51325888
67.7,25.1191776,2.51191776
67.8,25.1057664,2.51057664
67.9,25.0923552,2.50923552
68,25.078944,2.5078944
68.1,25.0834144,2.50834144
68.2,25.0878848,2.50878848
68.3,25.0923552,2.50923552
68.4,25.0968256,2.50968256
68.5,25.101296,2.5101296
68.6,25.1057664,2.51057664
68.7,25.1102368,2.51102368
68.8,25.1147072,2.51147072
68.9,25.1191776,2.51191776
69,25.123648,2.5123648
69.1,25.1057664,2.51057664
69.2,25.0878848,2.50878848
69.3,25.0700032,2.50700032
69.4,25.0521216,2.50521216
69.5,25.03424,2.503424
69.6,25.0163584,2.50163584
69.7,24.9984768,2.49984768
69.8,24.9805952,2.49805952
69.9,24.9627136,2.49627136
70,24.944832,2.4944832
70.1,24.9135392,2.49135392
70.2,24.8822464,2.48822464
70.3,24.8509536,2.48509536
70.4,24.8196608,2.48196608
70.5,24.788368,2.4788368
70.6,24.7570752,2.47570752
70.7,24.7257824,2.47257824
70.8,24.6944896,2.46944896
70.9,24.6631968,2.46631968
71,24.631904,2.4631904
71.1,24.6006112,2.46006112
71.2,24.5693184,2.45693184
71.3,24.5380256,2.45380256
71.4,24.5067328,2.45067328
71.5,24.47544,2.447544
71.6,24.4441472,2.44441472
71.7,24.4128544,2.44128544
71.8,24.3815616,2.43815616
71.9,24.3502688,2.43502688
72,24.318976,2.4318976
72.1,24.3100352,2.43100352
72.2,24.3010944,2.43010944
72.3,24.2921536,2.42921536
72.4,24.2832128,2.42832128
72.5,24.274272,2.4274272
72.6,24.2653312,2.42653312
72.7,24.2563904,2.42563904
72.8,24.2474496,2.42474496
72.9,24.2385088,2.42385088
73,24.229568,2.4229568
73.1,24.2385088,2.42385088
73.2,24.2474496,2.42474496
73.3,24.2563904,2.42563904
73.4,24.2653312,2.42653312
73.5,24.274272,2.4274272
73.6,24.2832128,2.42832128
73.7,24.2921536,2.42921536
73.8,24.3010944,2.43010944
73.9,24.3100352,2.43100352
74,24.318976,2.4318976
74.1,24.3100352,2.43100352
74.2,24.3010944,2.43010944
74.3,24.2921536,2.42921536
74.4,24.2832128,2.42832128
74.5,24.274272,2.4274272
74.6,24.2653312,2.42653312
74.7,24.2563904,2.42563904
74.8,24.2474496,2.42474496
74.9,24.2385088,2.42385088
75,24.229568,2.4229568
75.1,24.1982752,2.41982752
75.2,24.1669824,2.41669824
75.3,24.1356896,2.41356896
75.4,24.1043968,2.41043968
75.5,24.073104,2.4073104
75.6,24.0418112,2.40418112
75.7,24.0105184,2.40105184
75.8,23.9792256,2.39792256
75.9,23.9479328,2.39479328
76,23.91664,2.391664
76.1,23.8629952,2.38629952
76.2,23.8093504,2.38093504
76.3,23.7557056,2.37557056
76.4,23.7020608,2.37020608
76.5,23.648416,2.3648416
76.6,23.5947712,2.35947712
76.7,23.5411264,2.35411264
76.8,23.4874816,2.34874816
76.9,23.4338368,2.34338368
77,23.380192,2.3380192
77.1,23.3667808,2.33667808
77.2,23.3533696,2.33533696
77.3,23.3399584,2.33399584
77.4,23.3265472,2.33265472
77.5,23.313136,2.3313136
77.6,23.2997248,2.32997248
77.7,23.2863136,2.32863136
77.8,23.2729024,2.32729024
77.9,23.2594912,2.32594912
78,23.24608,2.324608
78.1,23.2416096,2.32416096
78.2,23.2371392,2.32371392
78.3,23.2326688,2.32326688
78.4,23.2281984,2.32281984
78.5,23.223728,2.3223728
78.6,23.2192576,2.32192576
78.7,23.2147872,2.32147872
78.8,23.2103168,2.32103168
78.9,23.2058464,2.32058464
79,23.201376,2.3201376
79.1,23.1969056,2.31969056
79.2,23.1924352,2.31924352
79.3,23.1879648,2.31879648
79.4,23.1834944,2.31834944
79.5,23.179024,2.3179024
79.6,23.1745536,2.31745536
79.7,23.1700832,2.31700832
79.8,23.1656128,2.31656128
79.9,23.1611424,2.31611424
80,23.156672,2.3156672
80.1,23.1611424,2.31611424
80.2,23.1656128,2.31656128
80.3,23.1700832,2.31700832
80.4,23.1745536,2.31745536
80.5,23.179024,2.3179024
80.6,23.1834944,2.31834944
80.7,23.1879648,2.31879648
80.8,23.1924352,2.31924352
80.9,23.1969056,2.31969056
81,23.201376,2.3201376
81.1,23.2058464,2.32058464
81.2,23.2103168,2.32103168
81.3,23.2147872,2.32147872
81.4,23.2192576,2.32192576
81.5,23.223728,2.3223728
81.6,23.2281984,2.32281984
81.7,23.2326688,2.32326688
81.8,23.2371392,2.32371392
81.9,23.2416096,2.32416096
82,23.24608,2.324608
82.1,23.268432,2.3268432
82.2,23.290784,2.3290784
82.3,23.313136,2.3313136
82.4,23.335488,2.3335488
82.5,23.35784,2.335784
82.6,23.380192,2.3380192
82.7,23.402544,2.3402544
82.8,23.424896,2.3424896
82.9,23.447248,2.3447248
83,23.4696,2.34696
83.1,23.5098336,2.35098336
83.2,23.5500672,2.35500672
83.3,23.5903008,2.35903008
83.4,23.6305344,2.36305344
83.5,23.670768,2.3670768
83.6,23.7110016,2.37110016
83.7,23.7512352,2.37512352
83.8,23.7914688,2.37914688
83.9,23.8317024,2.38317024
84,23.871936,2.3871936
84.1,23.938992,2.3938992
84.2,24.006048,2.4006048
84.3,24.073104,2.4073104
84.4,24.14016,2.414016
84.5,24.207216,2.4207216
84.6,24.274272,2.4274272
84.7,24.341328,2.4341328
84.8,24.408384,2.4408384
84.9,24.47544,2.447544
85,24.542496,2.4542496
85.1,24.6274336,2.46274336
85.2,24.7123712,2.47123712
85.3,24.7973088,2.47973088
85.4,24.8822464,2.48822464
85.5,24.967184,2.4967184
85.6,25.0521216,2.50521216
85.7,25.1370592,2.51370592
85.8,25.2219968,2.52219968
85.9,25.3069344,2.53069344
86,25.391872,2.5391872
86.1,25.48128,2.548128
86.2,25.570688,2.5570688
86.3,25.660096,2.5660096
86.4,25.749504,2.5749504
86.5,25.838912,2.5838912
86.6,25.92832,2.592832
86.7,26.017728,2.6017728
86.8,26.107136,2.6107136
86.9,26.196544,2.6196544
87,26.285952,2.6285952
87.1,26.3664192,2.63664192
87.2,26.4468864,2.64468864
87.3,26.5273536,2.65273536
87.4,26.6078208,2.66078208
87.5,26.688288,2.6688288
87.6,26.7687552,2.67687552
87.7,26.8492224,2.68492224
87.8,26.9296896,2.69296896
87.9,27.0101568,2.70101568
88,27.090624,2.7090624
88.1,27.1666208,2.71666208
88.2,27.2426176,2.72426176
88.3,27.3186144,2.73186144
88.4,27.3946112,2.73946112
88.5,27.470608,2.7470608
88.6,27.5466048,2.75466048
88.7,27.6226016,2.76226016
88.8,27.6985984,2.76985984
88.9,27.7745952,2.77745952
89,27.850592,2.7850592
89.1,27.9355296,2.79355296
89.2,28.0204672,2.80204672
89.3,28.1054048,2.81054048
89.4,28.1903424,2.81903424
89.5,28.27528,2.827528
89.6,28.3602176,2.83602176
89.7,28.4451552,2.84451552
89.8,28.5300928,2.85300928
89.9,28.6150304,2.86150304
90,28.699968,2.8699968
90.1,28.789376,2.8789376
90.2,28.878784,2.8878784
90.3,28.968192,2.8968192
90.4,29.0576,2.90576
90.5,29.147008,2.9147008
90.6,29.236416,2.9236416
90.7,29.325824,2.9325824
90.8,29.415232,2.9415232
90.9,29.50464,2.950464
91,29.594048,2.9594048
91.1,29.6655744,2.96655744
91.2,29.7371008,2.97371008
91.3,29.8086272,2.98086272
91.4,29.8801536,2.98801536
91.5,29.95168,2.995168
91.6,30.0232064,3.00232064
91.7,30.0947328,3.00947328
91.8,30.1662592,3.01662592
91.9,30.2377856,3.02377856
92,30.309312,3.0309312
92.1,30.3808384,3.03808384
92.2,30.4523648,3.04523648
92.3,30.5238912,3.05238912
92.4,30.5954176,3.05954176
92.5,30.666944,3.0666944
92.6,30.7384704,3.07384704
92.7,30.8099968,3.08099968
92.8,30.8815232,3.08815232
92.9,30.9530496,3.09530496
93,31.024576,3.1024576
93.1,31.06928,3.106928
93.2,31.113984,3.1113984
93.3,31.158688,3.1158688
93.4,31.203392,3.1203392
93.5,31.248096,3.1248096
93.6,31.2928,3.12928
93.7,31.337504,3.1337504
93.8,31.382208,3.1382208
93.9,31.426912,3.1426912
94,31.471616,3.1471616
94.1,31.4805568,3.14805568
94.2,31.4894976,3.14894976
94.3,31.4984384,3.14984384
94.4,31.5073792,3.15073792
94.5,31.51632,3.151632
94.6,31.5252608,3.15252608
94.7,31.5342016,3.15342016
94.8,31.5431424,3.15431424
94.9,31.5520832,3.15520832
95,31.561024,3.1561024
95.1,31.5654944,3.15654944
95.2,31.5699648,3.15699648
95.3,31.5744352,3.15744352
95.4,31.5789056,3.15789056
95.5,31.583376,3.1583376
95.6,31.5878464,3.15878464
95.7,31.5923168,3.15923168
95.8,31.5967872,3.15967872
95.9,31.6012576,3.16012576
96,31.605728,3.1605728
96.1,31.5878464,3.15878464
96.2,31.5699648,3.15699648
96.3,31.5520832,3.15520832
96.4,31.5342016,3.15342016
96.5,31.51632,3.151632
96.6,31.4984384,3.14984384
96.7,31.4805568,3.14805568
96.8,31.4626752,3.14626752
96.9,31.4447936,3.14447936
97,31.426912,3.1426912
97.1,31.3330336,3.13330336
97.2,31.2391552,3.12391552
97.3,31.1452768,3.11452768
97.4,31.0513984,3.10513984
97.5,30.95752,3.095752
97.6,30.8636416,3.08636416
97.7,30.7697632,3.07697632
97.8,30.6758848,3.06758848
97.9,30.5820064,3.05820064
98,30.488128,3.0488128
98.1,30.4121312,3.04121312
98.2,30.3361344,3.03361344
98.3,30.2601376,3.02601376
98.4,30.1841408,3.01841408
98.5,30.108144,3.0108144
98.6,30.0321472,3.00321472
98.7,29.9561504,2.99561504
98.8,29.8801536,2.98801536
98.9,29.8041568,2.98041568
99,29.72816,2.972816
99.1,29.6566336,2.96566336
99.2,29.5851072,2.95851072
99.3,29.5135808,2.95135808
99.4,29.4420544,2.94420544
99.5,29.370528,2.9370528
99.6,29.2990016,2.92990016
99.7,29.2274752,2.92274752
99.8,29.1559488,2.91559488
99.9,29.0844224,2.90844224
100,29.012896,2.9012896
100.1,28.9592512,2.89592512
100.2,28.9056064,2.89056064
100.3,28.8519616,2.88519616
100.4,28.7983168,2.87983168
100.5,28.744672,2.8744672
100.6,28.6910272,2.86910272
100.7,28.6373824,2.86373824
100.8,28.5837376,2.85837376
100.9,28.5300928,2.85300928
101,28.476448,2.8476448
101.1,28.4228032,2.84228032
101.2,28.3691584,2.83691584
101.3,28.3155136,2.83155136
101.4,28.2618688,2.82618688
101.5,28.208224,2.8208224
101.6,28.1545792,2.81545792
101.7,28.1009344,2.81009344
101.8,28.0472896,2.80472896
101.9,27.9936448,2.79936448
102,27.94,2.794
102.1,27.872944,2.7872944
102.2,27.805888,2.7805888
102.3,27.738832,2.7738832
102.4,27.671776,2.7671776
102.5,27.60472,2.760472
102.6,27.537664,2.7537664
102.7,27.470608,2.7470608
102.8,27.403552,2.7403552
102.9,27.336496,2.7336496
103,27.26944,2.726944
103.1,27.1934432,2.71934432
103.2,27.1174464,2.71174464
103.3,27.0414496,2.70414496
103.4,26.9654528,2.69654528
103.5,26.889456,2.6889456
103.6,26.8134592,2.68134592
103.7,26.7374624,2.67374624
103.8,26.6614656,2.66614656
103.9,26.5854688,2.65854688
104,26.509472,2.6509472
104.1,26.4379456,2.64379456
104.2,26.3664192,2.63664192
104.3,26.2948928,2.62948928
104.4,26.2233664,2.62233664
104.5,26.15184,2.615184
104.6,26.0803136,2.60803136
104.7,26.0087872,2.60087872
104.8,25.9372608,2.59372608
104.9,25.8657344,2.58657344
105,25.794208,2.5794208
105.1,25.7182112,2.57182112
105.2,25.6422144,2.56422144
105.3,25.5662176,2.55662176
105.4,25.4902208,2.54902208
105.5,25.414224,2.5414224
105.6,25.3382272,2.53382272
105.7,25.2622304,2.52622304
105.8,25.1862336,2.51862336
105.9,25.1102368,2.51102368
106,25.03424,2.503424
106.1,24.967184,2.4967184
106.2,24.900128,2.4900128
106.3,24.833072,2.4833072
106.4,24.766016,2.4766016
106.5,24.69896,2.469896
106.6,24.631904,2.4631904
106.7,24.564848,2.4564848
106.8,24.497792,2.4497792
106.9,24.430736,2.4430736
107,24.36368,2.436368
107.1,24.2876832,2.42876832
107.2,24.2116864,2.42116864
107.3,24.1356896,2.41356896
107.4,24.0596928,2.40596928
107.5,23.983696,2.3983696
107.6,23.9076992,2.39076992
107.7,23.8317024,2.38317024
107.8,23.7557056,2.37557056
107.9,23.6797088,2.36797088
108,23.603712,2.3603712
108.1,23.5321856,2.35321856
108.2,23.4606592,2.34606592
108.3,23.3891328,2.33891328
108.4,23.3176064,2.33176064
108.5,23.24608,2.324608
108.6,23.1745536,2.31745536
108.7,23.1030272,2.31030272
108.8,23.0315008,2.30315008
108.9,22.9599744,2.29599744
109,22.888448,2.2888448
109.1,22.8124512,2.28124512
109.2,22.7364544,2.27364544
109.3,22.6604576,2.26604576
109.4,22.5844608,2.25844608
109.5,22.508464,2.2508464
109.6,22.4324672,2.24324672
109.7,22.3564704,2.23564704
109.8,22.2804736,2.22804736
109.9,22.2044768,2.22044768
110,22.12848,2.212848
110.1,22.061424,2.2061424
110.2,21.994368,2.1994368
110.3,21.927312,2.1927312
110.4,21.860256,2.1860256
110.5,21.7932,2.17932
110.6,21.726144,2.1726144
110.7,21.659088,2.1659088
110.8,21.592032,2.1592032
110.9,21.524976,2.1524976
111,21.45792,2.145792
111.1,21.3819232,2.13819232
111.2,21.3059264,2.13059264
111.3,21.2299296,2.12299296
111.4,21.1539328,2.11539328
111.5,21.077936,2.1077936
111.6,21.0019392,2.10019392
111.7,20.9259424,2.09259424
111.8,20.8499456,2.08499456
111.9,20.7739488,2.07739488
112,20.697952,2.0697952
112.1,20.5951328,2.05951328
112.2,20.4923136,2.04923136
112.3,20.3894944,2.03894944
112.4,20.2866752,2.02866752
112.5,20.183856,2.0183856
112.6,20.0810368,2.00810368
112.7,19.9782176,1.99782176
112.8,19.8753984,1.98753984
112.9,19.7725792,1.97725792
113,19.66976,1.966976
113.1,19.5401184,1.95401184
113.2,19.4104768,1.94104768
113.3,19.2808352,1.92808352
113.4,19.1511936,1.91511936
113.5,19.021552,1.9021552
113.6,18.8919104,1.88919104
113.7,18.7622688,1.87622688
113.8,18.6326272,1.86326272
113.9,18.5029856,1.85029856
114,18.373344,1.8373344
114.1,18.2705248,1.82705248
114.2,18.1677056,1.81677056
114.3,18.0648864,1.80648864
114.4,17.9620672,1.79620672
114.5,17.859248,1.7859248
114.6,17.7564288,1.77564288
114.7,17.6536096,1.76536096
114.8,17.5507904,1.75507904
114.9,17.4479712,1.74479712
115,17.345152,1.7345152
115.1,17.2959776,1.72959776
115.2,17.2468032,1.72468032
115.3,17.1976288,1.71976288
115.4,17.1484544,1.71484544
115.5,17.09928,1.709928
115.6,17.0501056,1.70501056
115.7,17.0009312,1.70009312
115.8,16.9517568,1.69517568
115.9,16.9025824,1.69025824
116,16.853408,1.6853408
116.1,16.8042336,1.68042336
116.2,16.7550592,1.67550592
116.3,16.7058848,1.67058848
116.4,16.6567104,1.66567104
116.5,16.607536,1.6607536
116.6,16.5583616,1.65583616
116.7,16.5091872,1.65091872
116.8,16.4600128,1.64600128
116.9,16.4108384,1.64108384
117,16.361664,1.6361664
117.1,16.3035488,1.63035488
117.2,16.2454336,1.62454336
117.3,16.1873184,1.61873184
117.4,16.1292032,1.61292032
117.5,16.071088,1.6071088
117.6,16.0129728,1.60129728
117.7,15.9548576,1.59548576
117.8,15.8967424,1.58967424
117.9,15.8386272,1.58386272
118,15.780512,1.5780512
118.1,15.5435808,1.55435808
118.2,15.3066496,1.53066496
118.3,15.0697184,1.50697184
118.4,14.8327872,1.48327872
118.5,14.595856,1.4595856
118.6,14.3589248,1.43589248
118.7,14.1219936,1.41219936
118.8,13.8850624,1.38850624
118.9,13.6481312,1.36481312
119,13.4112,1.34112
119.1,13.1608576,1.31608576
119.2,12.9105152,1.29105152
119.3,12.6601728,1.26601728
119.4,12.4098304,1.24098304
119.5,12.159488,1.2159488
119.6,11.9091456,1.19091456
119.7,11.6588032,1.16588032
119.8,11.4084608,1.14084608
119.9,11.1581184,1.11581184
120,10.907776,1.0907776
120.1,10.7021376,1.07021376
120.2,10.4964992,1.04964992
120.3,10.2908608,1.02908608
120.4,10.0852224,1.00852224
120.5,9.879584,0.9879584
120.6,9.67394559999998,0.967394559999998
120.7,9.46830719999999,0.946830719999999
120.8,9.26266879999998,0.926266879999998
120.9,9.05703039999999,0.905703039999999
121,8.851392,0.8851392
121.1,8.65916479999999,0.865916479999999
121.2,8.46693759999999,0.846693759999999
121.3,8.27471039999998,0.827471039999998
121.4,8.08248319999999,0.808248319999999
121.5,7.890256,0.7890256
121.6,7.69802879999998,0.769802879999998
121.7,7.50580159999999,0.750580159999999
121.8,7.31357439999998,0.731357439999998
121.9,7.12134719999999,0.712134719999999
122,6.92912,0.692912
122.1,6.71901119999998,0.671901119999998
122.2,6.50890239999999,0.650890239999999
122.3,6.29879359999998,0.629879359999998
122.4,6.08868479999999,0.608868479999999
122.5,5.878576,0.5878576
122.6,5.66846719999998,0.566846719999998
122.7,5.45835839999999,0.545835839999999
122.8,5.24824959999998,0.524824959999998
122.9,5.03814079999999,0.503814079999999
123,4.828032,0.4828032
123.1,4.62686399999998,0.462686399999998
123.2,4.425696,0.4425696
123.3,4.22452799999998,0.422452799999998
123.4,4.02335999999999,0.402335999999999
123.5,3.822192,0.3822192
123.6,3.62102399999998,0.362102399999998
123.7,3.41985599999999,0.341985599999999
123.8,3.21868799999998,0.321868799999998
123.9,3.01751999999999,0.301751999999999
124,2.816352,0.2816352
124.1,2.67776959999999,0.267776959999999
124.2,2.5391872,0.25391872
124.3,2.40060479999998,0.240060479999998
124.4,2.26202239999999,0.226202239999999
124.5,2.12344,0.212344
124.6,1.98485759999999,0.198485759999999
124.7,1.8462752,0.18462752
124.8,1.70769279999998,0.170769279999998
124.9,1.56911039999999,0.156911039999999
125,1.430528,0.1430528
125.1,1.3813536,0.13813536
125.2,1.3321792,0.13321792
125.3,1.28300479999999,0.128300479999999
125.4,1.2338304,0.12338304
125.5,1.184656,0.1184656
125.6,1.1354816,0.11354816
125.7,1.0863072,0.10863072
125.8,1.03713279999999,0.103713279999999
125.9,0.987958399999997,0.0987958399999997
126,0.938784,0.0938784
126.1,0.898550399999997,0.0898550399999997
126.2,0.858316799999999,0.0858316799999999
126.3,0.818083199999995,0.0818083199999995
126.4,0.777849599999998,0.0777849599999998
126.5,0.737616,0.0737616
126.6,0.697382399999997,0.0697382399999997
126.7,0.657148799999999,0.0657148799999999
126.8,0.616915199999995,0.0616915199999995
126.9,0.576681599999998,0.0576681599999998
127,0.536448,0.0536448
127.1,0.482803199999995,0.0482803199999995
127.2,0.429158399999998,0.0429158399999998
127.3,0.375513599999994,0.0375513599999994
127.4,0.321868799999997,0.0321868799999997
127.5,0.268224,0.0268224
127.6,0.214579199999995,0.0214579199999995
127.7,0.160934399999998,0.0160934399999998
127.8,0.107289599999994,0.0107289599999994
127.9,0.053644799999997,0.0053644799999997
